theta0,theta1
8494.386151800401,-0.021397378634975265
